Year,Visitor,Vscore,Home,Hscore
2006,MIA,17,PIT,28
2006,ATL,20,CAR,6
2006,BAL,27,TB,0
2006,BUF,17,NE,19
2006,CIN,23,KC,10
2006,DEN,10,STL,18
2006,NO,19,CLE,14
2006,NYJ,23,TEN,16
2006,PHI,24,HOU,10
2006,SS,9,DET,6
2006,CHI,26,GB,0
2006,DAL,17,JAX,24
2006,SF,27,ARI,34
2006,IND,26,NYG,21
2006,MIN,19,WAS,16
2006,SD,27,OAK,0
2006,BUF,16,MIA,6
2006,CAR,13,MIN,16
2006,CLE,17,CIN,34
2006,DET,7,CHI,34
2006,HOU,24,IND,43
2006,NO,34,GB,27
2006,NYG,30,PHI,24
2006,OAK,6,BAL,28
2006,TB,3,ATL,14
2006,ARI,10,SS,21
2006,STL,13,SF,20
2006,KC,6,DEN,9
2006,NE,24,NYJ,17
2006,TEN,7,SD,40
2006,WAS,10,DAL,27
2006,PIT,0,JAX,9
2006,CAR,26,TB,24
2006,CHI,19,MIN,16
2006,CIN,28,PIT,20
2006,GB,31,DET,24
2006,JAX,14,IND,21
2006,NYJ,28,BUF,20
2006,TEN,10,MIA,13
2006,WAS,31,HOU,15
2006,BAL,15,CLE,14
2006,NYG,30,SS,42
2006,PHI,38,SF,24
2006,STL,16,ARI,14
2006,DEN,17,NE,7
2006,ATL,3,NO,23
2006,ARI,10,ATL,32
2006,DAL,45,TEN,14
2006,IND,31,NYJ,28
2006,MIA,15,HOU,17
2006,MIN,12,BUF,17
2006,NO,18,CAR,21
2006,SD,13,BAL,16
2006,SF,0,KC,41
2006,DET,34,STL,41
2006,CLE,24,OAK,21
2006,JAX,30,WAS,36
2006,NE,38,CIN,13
2006,SS,6,CHI,37
2006,GB,9,PHI,31
2006,BUF,7,CHI,40
2006,CLE,12,CAR,20
2006,DET,17,MIN,26
2006,MIA,10,NE,20
2006,STL,23,GB,20
2006,TB,21,NO,24
2006,TEN,13,IND,14
2006,WAS,3,NYG,19
2006,KC,23,ARI,20
2006,NYJ,0,JAX,41
2006,OAK,20,SF,34
2006,DAL,24,PHI,38
2006,PIT,13,SD,23
2006,BAL,3,DEN,13
2006,BUF,17,DET,20
2006,CAR,23,BAL,21
2006,CIN,13,TB,14
2006,HOU,6,DAL,34
2006,NYG,27,ATL,14
2006,PHI,24,NO,27
2006,SS,30,STL,28
2006,TEN,25,WAS,22
2006,KC,7,PIT,45
2006,MIA,17,NYJ,20
2006,SD,48,SF,19
2006,OAK,3,DEN,13
2006,CHI,24,ARI,23
2006,CAR,14,CIN,17
2006,DET,24,NYJ,31
2006,GB,34,MIA,24
2006,JAX,7,HOU,27
2006,NE,28,BUF,6
2006,PHI,21,TB,23
2006,PIT,38,ATL,41
2006,SD,27,KC,30
2006,DEN,17,CLE,7
2006,ARI,9,OAK,22
2006,MIN,31,SS,13
2006,WAS,22,IND,36
2006,NYG,36,DAL,22
2006,ARI,14,GB,31
2006,ATL,29,CIN,27
2006,BAL,35,NO,22
2006,HOU,22,TEN,28
2006,JAX,13,PHI,6
2006,SS,22,KC,35
2006,SF,10,CHI,41
2006,TB,3,NYG,17
2006,STL,24,SD,38
2006,IND,34,DEN,31
2006,NYJ,13,CLE,20
2006,PIT,13,OAK,20
2006,DAL,35,CAR,14
2006,NE,31,MIN,7
2006,ATL,14,DET,30
2006,CIN,20,BAL,26
2006,DAL,19,WAS,22
2006,GB,10,BUF,24
2006,HOU,10,NYG,14
2006,KC,31,STL,17
2006,MIA,31,CHI,13
2006,NO,31,TB,14
2006,TEN,7,JAX,37
2006,MIN,3,SF,9
2006,CLE,25,SD,32
2006,DEN,31,PIT,20
2006,IND,27,NE,20
2006,OAK,0,SS,13
2006,BAL,27,TEN,26
2006,BUF,16,IND,17
2006,CLE,17,ATL,13
2006,GB,23,MIN,17
2006,HOU,13,JAX,10
2006,KC,10,MIA,13
2006,NYJ,17,NE,14
2006,SD,49,CIN,41
2006,SF,19,DET,13
2006,WAS,3,PHI,27
2006,DEN,17,OAK,13
2006,DAL,27,ARI,10
2006,NO,31,PIT,38
2006,STL,22,SS,24
2006,CHI,38,NYG,20
2006,TB,10,CAR,24
2006,ATL,10,BAL,24
2006,BUF,24,HOU,21
2006,CHI,10,NYJ,0
2006,CIN,31,NO,16
2006,MIN,20,MIA,24
2006,NE,35,GB,0
2006,OAK,13,KC,17
2006,PIT,24,CLE,20
2006,STL,0,CAR,15
2006,TEN,31,PHI,13
2006,WAS,17,TB,20
2006,DET,10,ARI,17
2006,SS,14,SF,20
2006,IND,14,DAL,21
2006,SD,35,DEN,27
2006,NYG,10,JAX,26
2006,MIA,27,DET,10
2006,TB,10,DAL,38
2006,DEN,10,KC,19
2006,ARI,26,MIN,31
2006,CAR,13,WAS,17
2006,CIN,30,CLE,0
2006,HOU,11,NYJ,26
2006,JAX,24,BUF,27
2006,NO,31,ATL,13
2006,PIT,0,BAL,27
2006,SF,17,STL,20
2006,OAK,14,SD,21
2006,CHI,13,NE,17
2006,NYG,21,TEN,24
2006,PHI,21,IND,45
2006,GB,24,SS,34
2006,BAL,7,CIN,13
2006,ARI,34,STL,20
2006,ATL,24,WAS,14
2006,DET,21,NE,28
2006,IND,17,TEN,20
2006,KC,28,CLE,31
2006,MIN,13,CHI,23
2006,NYJ,38,GB,10
2006,SD,24,BUF,21
2006,SF,10,NO,34
2006,HOU,23,OAK,14
2006,JAX,24,MIA,10
2006,DAL,23,NYG,20
2006,TB,3,PIT,20
2006,SS,23,DEN,20
2006,CAR,24,PHI,27
2006,CLE,7,PIT,27
2006,ATL,17,TB,6
2006,BAL,20,KC,10
2006,IND,17,JAX,44
2006,MIN,30,DET,20
2006,NE,0,MIA,21
2006,NYG,27,CAR,13
2006,OAK,10,CIN,27
2006,PHI,21,WAS,19
2006,TEN,26,HOU,20
2006,GB,30,SF,19
2006,SS,21,ARI,27
2006,BUF,31,NYJ,13
2006,DEN,20,SD,48
2006,NO,42,DAL,17
2006,CHI,42,STL,27
2006,SF,24,SS,14
2006,DAL,38,ATL,28
2006,CLE,17,BAL,27
2006,DET,9,GB,17
2006,HOU,7,NE,40
2006,JAX,17,TEN,24
2006,MIA,0,BUF,21
2006,NYJ,26,MIN,13
2006,PIT,37,CAR,3
2006,TB,31,CHI,34
2006,WAS,16,NO,10
2006,DEN,37,ARI,20
2006,PHI,36,NYG,22
2006,STL,20,OAK,0
2006,KC,9,SD,20
2006,CIN,16,IND,34
2006,MIN,7,GB,9
2006,KC,20,OAK,9
2006,BAL,31,PIT,7
2006,CAR,10,ATL,3
2006,CHI,26,DET,21
2006,IND,24,HOU,27
2006,NE,24,JAX,21
2006,NO,30,NYG,7
2006,TB,22,CLE,7
2006,TEN,30,BUF,29
2006,WAS,31,STL,37
2006,ARI,26,SF,20
2006,CIN,23,DEN,24
2006,SD,20,SS,17
2006,PHI,23,DAL,7
2006,NYJ,13,MIA,10
2006,NYG,34,WAS,28
2006,CAR,31,NO,21
2006,CLE,6,HOU,14
2006,DET,39,DAL,31
2006,JAX,30,KC,35
2006,NE,40,TEN,23
2006,OAK,3,NYJ,23
2006,PIT,23,CIN,17
2006,SS,23,TB,7
2006,STL,41,MIN,21
2006,ARI,20,SD,27
2006,ATL,17,PHI,24
2006,BUF,7,BAL,19
2006,MIA,22,IND,27
2006,SF,26,DEN,23
2006,GB,26,CHI,7
2004,IND,24,NE,27
2004,TEN,17,MIA,7
2004,JAX,13,BUF,10
2004,DET,20,CHI,16
2004,BAL,3,CLE,20
2004,SD,27,HOU,20
2004,SS,21,NO,7
2004,CIN,24,NYJ,31
2004,OAK,21,PIT,24
2004,ARI,10,STL,17
2004,TB,10,WAS,16
2004,DAL,17,MIN,35
2004,NYG,17,PHI,31
2004,ATL,21,SF,19
2004,KC,24,DEN,34
2004,GB,24,CAR,14
2004,STL,17,ATL,34
2004,PIT,13,BAL,30
2004,HOU,16,DET,28
2004,CHI,21,GB,10
2004,DEN,6,JAX,7
2004,CAR,28,KC,17
2004,SF,27,NO,30
2004,WAS,14,NYG,20
2004,IND,31,TEN,17
2004,SS,10,TB,6
2004,NE,23,ARI,12
2004,CLE,12,DAL,19
2004,BUF,10,OAK,13
2004,NYJ,34,SD,28
2004,MIA,13,CIN,16
2004,MIN,16,PHI,27
2004,ARI,3,ATL,6
2004,BAL,23,CIN,9
2004,PHI,30,DET,13
2004,HOU,24,KC,21
2004,PIT,13,MIA,3
2004,CHI,22,MIN,27
2004,CLE,10,NYG,27
2004,NO,28,STL,25
2004,JAX,15,TEN,12
2004,SD,13,DEN,23
2004,GB,31,IND,45
2004,SF,0,SS,34
2004,TB,20,OAK,30
2004,DAL,21,WAS,18
2004,NE,31,BUF,17
2004,PHI,19,CHI,9
2004,WAS,13,CLE,17
2004,NYG,14,GB,7
2004,OAK,17,HOU,30
2004,IND,24,JAX,17
2004,CIN,17,PIT,28
2004,NO,10,ARI,34
2004,ATL,27,CAR,10
2004,NYJ,17,MIA,9
2004,TEN,38,SD,17
2004,DEN,16,TB,13
2004,STL,24,SF,14
2004,KC,27,BAL,24
2004,DET,17,ATL,10
2004,NYG,26,DAL,10
2004,MIN,34,HOU,28
2004,OAK,14,IND,35
2004,MIA,10,NE,24
2004,TB,20,NO,17
2004,CLE,23,PIT,34
2004,BUF,14,NYJ,16
2004,JAX,21,SD,34
2004,CAR,17,DEN,20
2004,ARI,28,SF,31
2004,STL,33,SS,27
2004,BAL,17,WAS,10
2004,TEN,48,GB,27
2004,SD,20,ATL,21
2004,MIA,13,BUF,20
2004,WAS,13,CHI,10
2004,CIN,17,CLE,34
2004,GB,38,DET,10
2004,KC,16,JAX,22
2004,SS,20,NE,30
2004,SF,14,NYJ,22
2004,CAR,8,PHI,30
2004,HOU,20,TEN,10
2004,PIT,34,DAL,20
2004,DEN,31,OAK,3
2004,MIN,38,NO,31
2004,TB,21,STL,28
2004,BUF,6,BAL,20
2004,SD,17,CAR,6
2004,PHI,34,CLE,31
2004,JAX,27,IND,24
2004,ATL,10,KC,56
2004,STL,14,MIA,31
2004,TEN,3,MIN,20
2004,DET,28,NYG,13
2004,CHI,7,TB,19
2004,NYJ,7,NE,13
2004,SS,17,ARI,25
2004,DAL,20,GB,41
2004,NO,31,OAK,26
2004,DEN,10,CIN,23
2004,ARI,14,BUF,38
2004,DET,21,DAL,31
2004,JAX,6,HOU,20
2004,IND,35,KC,45
2004,NYG,34,MIN,13
2004,BAL,10,PHI,15
2004,CIN,20,TEN,27
2004,GB,28,WAS,14
2004,ATL,41,DEN,28
2004,CAR,17,SS,23
2004,NE,20,PIT,34
2004,OAK,14,SD,42
2004,SF,13,CHI,23
2004,MIA,14,NYJ,41
2004,NYJ,17,BUF,22
2004,OAK,27,CAR,24
2004,DAL,3,CIN,26
2004,WAS,17,DET,10
2004,ARI,24,MIA,23
2004,PHI,3,PIT,27
2004,KC,31,TB,34
2004,CHI,28,NYG,21
2004,NO,17,SD,43
2004,SS,42,SF,27
2004,HOU,13,DEN,31
2004,NE,40,STL,22
2004,CLE,13,BAL,27
2004,MIN,28,IND,31
2004,TB,14,ATL,24
2004,PIT,24,CLE,10
2004,HOU,14,IND,49
2004,DET,17,JAX,23
2004,KC,20,NO,27
2004,BAL,20,NYJ,17
2004,SS,12,STL,23
2004,CHI,19,TEN,17
2004,CIN,17,WAS,10
2004,NYG,14,ARI,17
2004,MIN,31,GB,34
2004,CAR,37,SF,27
2004,BUF,6,NE,29
2004,PHI,49,DAL,21
2004,DAL,10,BAL,30
2004,STL,17,BUF,37
2004,ARI,10,CAR,35
2004,IND,41,CHI,10
2004,PIT,19,CIN,14
2004,NYJ,10,CLE,7
2004,TEN,18,JAX,15
2004,DET,19,MIN,22
2004,DEN,34,NO,13
2004,SF,3,TB,35
2004,SD,23,OAK,17
2004,MIA,17,SS,24
2004,ATL,14,NYG,10
2004,WAS,6,PHI,28
2004,GB,16,HOU,13
2004,NE,27,KC,19
2004,IND,41,DET,9
2004,CHI,7,DAL,21
2004,TB,14,CAR,21
2004,CLE,48,CIN,58
2004,TEN,21,HOU,31
2004,SD,34,KC,31
2004,JAX,16,MIN,27
2004,BAL,3,NE,24
2004,PHI,27,NYG,6
2004,WAS,7,PIT,16
2004,NO,21,ATL,24
2004,NYJ,13,ARI,3
2004,MIA,24,SF,17
2004,BUF,38,SS,9
2004,OAK,25,DEN,24
2004,STL,17,GB,45
2004,CIN,27,BAL,26
2004,MIN,14,CHI,24
2004,NE,42,CLE,15
2004,ARI,12,DET,26
2004,TEN,24,IND,51
2004,BUF,42,MIA,32
2004,CAR,32,NO,21
2004,HOU,7,NYJ,29
2004,SF,6,STL,16
2004,ATL,0,TB,27
2004,KC,34,OAK,27
2004,DEN,17,SD,20
2004,GB,17,PHI,47
2004,NYG,7,WAS,31
2004,PIT,17,JAX,16
2004,DAL,43,SS,39
2004,OAK,10,ATL,35
2004,NYG,14,BAL,37
2004,CLE,7,BUF,37
2004,NO,27,DAL,13
2004,IND,23,HOU,14
2004,CHI,3,JAX,22
2004,SS,27,MIN,23
2004,CIN,28,NE,35
2004,MIA,17,DEN,20
2004,NYJ,6,PIT,17
2004,DET,13,GB,16
2004,SF,31,ARI,28
2004,STL,7,CAR,20
2004,TB,24,SD,31
2004,PHI,17,WAS,14
2004,KC,49,TEN,38
2004,PIT,33,NYG,30
2004,WAS,26,SF,16
2004,CAR,31,ATL,34
2004,HOU,24,CHI,5
2004,BUF,33,CIN,17
2004,MIN,28,DET,27
2004,SD,21,CLE,0
2004,SS,14,NYJ,37
2004,DAL,7,PHI,12
2004,DEN,17,KC,45
2004,STL,7,ARI,31
2004,NO,21,TB,17
2004,JAX,28,GB,25
2004,TEN,35,OAK,40
2004,BAL,10,IND,20
2004,NE,28,MIA,29
2004,GB,34,MIN,31
2004,OAK,30,KC,31
2004,DEN,37,TEN,16
2004,NYG,22,CIN,23
2004,CHI,13,DET,19
2004,SD,31,IND,34
2004,HOU,21,JAX,0
2004,ATL,13,NO,26
2004,BAL,7,PIT,20
2004,NE,23,NYJ,7
2004,BUF,41,SF,7
2004,CAR,37,TB,20
2004,WAS,10,DAL,13
2004,ARI,21,SS,24
2004,CLE,7,MIA,10
2004,PHI,7,STL,20
2004,MIA,23,BAL,30
2004,PIT,29,BUF,24
2004,NO,21,CAR,18
2004,GB,31,CHI,14
2004,CLE,22,HOU,14
2004,SF,7,NE,21
2004,CIN,38,PHI,10
2004,NYJ,29,STL,32
2004,DET,19,TEN,24
2004,MIN,18,WAS,21
2004,TB,7,ARI,12
2004,ATL,26,SS,28
2004,IND,14,DEN,33
2004,JAX,13,OAK,6
2004,KC,17,SD,24
2004,DAL,24,NYG,28
2003,NYJ,13,WAS,16
2003,NE,0,BUF,31
2003,JAX,23,CAR,24
2003,DEN,30,CIN,10
2003,IND,9,CLE,6
2003,ARI,24,DET,42
2003,MIN,30,GB,25
2003,SD,14,KC,27
2003,HOU,21,MIA,20
2003,STL,13,NYG,23
2003,BAL,15,PIT,34
2003,ATL,27,DAL,13
2003,CHI,7,SF,49
2003,NO,10,SS,27
2003,OAK,20,TEN,25
2003,TB,17,PHI,0
2003,WAS,33,ATL,31
2003,CLE,13,BAL,33
2003,DET,6,GB,31
2003,TEN,7,IND,33
2003,BUF,38,JAX,17
2003,PIT,20,KC,41
2003,HOU,10,NO,31
2003,MIA,21,NYJ,10
2003,SF,24,STL,27
2003,SS,38,ARI,0
2003,CAR,12,TB,9
2003,CIN,20,OAK,23
2003,NE,31,PHI,10
2003,DEN,37,SD,13
2003,CHI,13,MIN,24
2003,DAL,35,NYG,32
2003,TB,31,ATL,10
2003,PIT,17,CIN,10
2003,MIN,23,DET,13
2003,KC,42,HOU,14
2003,JAX,13,IND,23
2003,NYJ,16,NE,23
2003,NO,12,TEN,27
2003,GB,13,ARI,20
2003,STL,23,SS,24
2003,NYG,24,WAS,21
2003,BAL,24,SD,10
2003,CLE,13,SF,12
2003,BUF,7,MIA,17
2003,OAK,10,DEN,31
2003,KC,17,BAL,10
2003,PHI,23,BUF,13
2003,ATL,3,CAR,23
2003,CIN,21,CLE,14
2003,JAX,20,HOU,24
2003,SF,7,MIN,35
2003,TEN,30,PIT,13
2003,ARI,13,STL,37
2003,NE,17,WAS,20
2003,SD,31,OAK,34
2003,DET,16,DEN,20
2003,DAL,17,NYJ,6
2003,IND,55,NO,21
2003,GB,38,CHI,23
2003,MIN,39,ATL,26
2003,CIN,16,BUF,22
2003,NO,13,CAR,19
2003,OAK,21,CHI,24
2003,ARI,7,DAL,24
2003,SS,13,GB,35
2003,DEN,23,KC,24
2003,TEN,30,NE,38
2003,MIA,23,NYG,10
2003,SD,21,JAX,27
2003,WAS,25,PHI,27
2003,DET,17,SF,24
2003,CLE,33,PIT,13
2003,IND,38,TB,35
2003,OAK,7,CLE,13
2003,PHI,21,DAL,23
2003,KC,40,GB,34
2003,CAR,23,IND,20
2003,MIA,24,JAX,10
2003,NYG,6,NE,17
2003,CHI,13,NO,20
2003,HOU,17,TEN,38
2003,TB,35,WAS,13
2003,BAL,26,ARI,18
2003,PIT,14,DEN,17
2003,BUF,3,NYJ,30
2003,SF,19,SS,20
2003,ATL,0,STL,36
2003,NO,45,ATL,17
2003,WAS,7,BUF,24
2003,TEN,37,CAR,17
2003,BAL,26,CIN,34
2003,SD,26,CLE,20
2003,DAL,38,DET,7
2003,NE,19,MIA,13
2003,DEN,20,MIN,28
2003,PHI,14,NYG,10
2003,GB,24,STL,34
2003,NYJ,19,HOU,14
2003,TB,7,SF,24
2003,CHI,17,SS,24
2003,KC,17,OAK,10
2003,DEN,6,BAL,26
2003,DET,16,CHI,24
2003,SS,24,CIN,27
2003,TEN,30,JAX,17
2003,NYG,29,MIN,17
2003,CLE,3,NE,9
2003,CAR,23,NO,20
2003,STL,33,PIT,21
2003,DAL,0,TB,16
2003,SF,13,ARI,16
2003,HOU,21,IND,30
2003,NYJ,17,PHI,24
2003,BUF,5,KC,38
2003,MIA,26,SD,10
2003,JAX,17,BAL,24
2003,SD,7,CHI,20
2003,WAS,14,DAL,21
2003,OAK,13,DET,23
2003,CAR,10,HOU,14
2003,IND,23,MIA,17
2003,NYG,31,NYJ,28
2003,NO,17,TB,14
2003,CIN,14,ARI,17
2003,PIT,16,SS,23
2003,PHI,23,ATL,16
2003,STL,10,SF,30
2003,GB,30,MIN,27
2003,NE,30,DEN,26
2003,TB,24,CAR,27
2003,HOU,27,CIN,34
2003,CHI,10,DET,12
2003,IND,23,JAX,28
2003,CLE,20,KC,41
2003,ATL,27,NYG,7
2003,ARI,15,PIT,28
2003,MIA,7,TEN,31
2003,SS,20,WAS,27
2003,MIN,28,SD,42
2003,BUF,6,DAL,10
2003,NYJ,27,OAK,24
2003,BAL,22,STL,33
2003,PHI,17,GB,14
2003,HOU,12,BUF,10
2003,WAS,17,CAR,20
2003,STL,23,CHI,21
2003,KC,19,CIN,24
2003,ARI,6,CLE,44
2003,BAL,6,MIA,9
2003,ATL,20,NO,23
2003,NYG,10,PHI,28
2003,JAX,3,TEN,10
2003,SD,8,DEN,37
2003,NYJ,31,IND,38
2003,MIN,18,OAK,28
2003,DET,14,SS,35
2003,GB,20,TB,13
2003,DAL,0,NE,12
2003,PIT,14,SF,30
2003,SS,41,BAL,44
2003,IND,17,BUF,14
2003,PIT,13,CLE,6
2003,CAR,20,DAL,24
2003,SF,10,GB,20
2003,NE,23,HOU,20
2003,DET,14,MIN,24
2003,JAX,10,NYJ,13
2003,NO,20,PHI,33
2003,STL,30,ARI,27
2003,CHI,19,DEN,10
2003,TEN,38,ATL,31
2003,OAK,24,KC,27
2003,CIN,34,SD,27
2003,WAS,23,MIA,24
2003,NYG,13,TB,19
2003,GB,14,DET,22
2003,MIA,40,DAL,21
2003,SF,6,BAL,44
2003,PHI,25,CAR,16
2003,ARI,3,CHI,28
2003,ATL,13,HOU,17
2003,NE,38,IND,34
2003,BUF,24,NYG,7
2003,CIN,24,PIT,20
2003,MIN,17,STL,48
2003,NO,24,WAS,20
2003,DEN,22,OAK,8
2003,KC,28,SD,24
2003,CLE,7,SS,34
2003,TB,10,JAX,17
2003,TEN,17,NYJ,24
2003,CIN,13,BAL,31
2003,SD,14,DET,7
2003,CHI,21,GB,34
2003,HOU,0,JAX,27
2003,SS,7,MIN,34
2003,TB,14,NO,7
2003,WAS,20,NYG,7
2003,DAL,10,PHI,36
2003,OAK,7,PIT,27
2003,IND,29,TEN,27
2003,ARI,14,SF,50
2003,NYJ,6,BUF,17
2003,KC,27,DEN,45
2003,MIA,0,NE,12
2003,CAR,14,ATL,20
2003,STL,26,CLE,20
2003,MIN,10,CHI,13
2003,SF,38,CIN,41
2003,ATL,7,IND,38
2003,DET,17,KC,45
2003,JAX,13,NE,27
2003,PIT,0,NYJ,6
2003,SS,22,STL,27
2003,HOU,3,TB,16
2003,BUF,26,TEN,28
2003,DAL,27,WAS,0
2003,CLE,20,DEN,23
2003,BAL,12,OAK,20
2003,CAR,20,ARI,17
2003,GB,38,SD,21
2003,NYG,7,NO,45
2003,PHI,34,MIA,27
2003,ATL,30,TB,28
2003,KC,20,MIN,45
2003,NE,21,NYJ,16
2003,MIA,20,BUF,3
2003,DET,14,CAR,20
2003,WAS,24,CHI,27
2003,BAL,35,CLE,0
2003,NYG,3,DAL,19
2003,TEN,27,HOU,24
2003,NO,19,JAX,20
2003,CIN,10,STL,27
2003,SD,24,PIT,40
2003,SF,31,PHI,28
2003,ARI,10,SS,28
2003,DEN,31,IND,17
2003,GB,41,OAK,7
2003,BUF,0,NE,31
2003,SS,24,SF,17
2003,PHI,31,WAS,7
2003,JAX,14,ATL,21
2003,CLE,22,CIN,14
2003,STL,20,DET,30
2003,IND,20,HOU,17
2003,CHI,3,KC,31
2003,NYJ,21,MIA,23
2003,DAL,7,NO,13
2003,TB,13,TEN,33
2003,MIN,17,ARI,18
2003,CAR,37,NYG,24
2003,DEN,3,GB,31
2003,OAK,14,SD,21
2003,PIT,10,BAL,13
2002,SF,16,NYG,13
2002,NYJ,37,BUF,31
2002,BAL,7,CAR,10
2002,MIN,23,CHI,27
2002,SD,34,CIN,6
2002,KC,40,CLE,39
2002,ATL,34,GB,37
2002,IND,28,JAX,25
2002,DET,21,MIA,49
2002,PHI,24,TEN,27
2002,ARI,23,WAS,31
2002,STL,16,DEN,23
2002,SS,17,OAK,31
2002,NO,26,TB,20
2002,DAL,10,HOU,19
2002,PIT,14,NE,30
2002,CHI,14,ATL,13
2002,TB,25,BAL,0
2002,DET,7,CAR,31
2002,CIN,7,CLE,20
2002,TEN,13,DAL,21
2002,MIA,21,IND,13
2002,JAX,23,KC,16
2002,GB,20,NO,35
2002,NE,44,NYJ,7
2002,NYG,26,STL,20
2002,ARI,24,SS,13
2002,BUF,45,MIN,39
2002,HOU,3,SD,24
2002,DEN,24,SF,14
2002,OAK,30,PIT,0
2002,PHI,37,WAS,7
2002,NO,29,CHI,23
2002,IND,23,HOU,3
2002,NYJ,3,MIA,30
2002,CAR,21,MIN,14
2002,KC,38,NE,41
2002,DAL,13,PHI,44
2002,CLE,31,TEN,28
2002,SD,23,ARI,15
2002,BUF,23,DEN,28
2002,GB,37,DET,31
2002,SS,6,NYG,9
2002,WAS,10,SF,20
2002,CIN,3,ATL,30
2002,STL,14,TB,26
2002,CHI,27,BUF,33
2002,NO,21,DET,26
2002,CAR,14,GB,17
2002,NYJ,3,JAX,28
2002,MIA,30,KC,48
2002,HOU,17,PHI,35
2002,CLE,13,PIT,16
2002,DAL,13,STL,10
2002,NYG,7,ARI,21
2002,TB,35,CIN,7
2002,TEN,25,OAK,52
2002,NE,14,SD,21
2002,MIN,23,SS,48
2002,DEN,23,BAL,34
2002,TB,20,ATL,6
2002,OAK,49,BUF,31
2002,ARI,16,CAR,13
2002,NYG,21,DAL,17
2002,CIN,21,IND,28
2002,NE,13,MIA,26
2002,PIT,29,NO,32
2002,WAS,31,TEN,14
2002,SD,9,DEN,26
2002,KC,29,NYJ,25
2002,PHI,25,JAX,28
2002,STL,13,SF,37
2002,BAL,26,CLE,21
2002,GB,34,CHI,21
2002,PIT,34,CIN,7
2002,CAR,13,DAL,14
2002,BUF,31,HOU,24
2002,BAL,20,IND,22
2002,DET,24,MIN,31
2002,GB,28,NE,10
2002,ATL,17,NYG,10
2002,JAX,14,TEN,23
2002,NO,43,WAS,27
2002,OAK,13,STL,28
2002,KC,34,SD,35
2002,CLE,3,TB,17
2002,MIA,24,DEN,22
2002,SF,28,SS,21
2002,CAR,0,ATL,30
2002,JAX,10,BAL,17
2002,CHI,20,DET,23
2002,DEN,37,KC,34
2002,BUF,23,MIA,10
2002,SF,27,NO,35
2002,MIN,7,NYJ,20
2002,TB,10,PHI,20
2002,SS,20,STL,37
2002,HOU,17,CLE,34
2002,SD,27,OAK,21
2002,DAL,6,ARI,9
2002,WAS,9,GB,30
2002,IND,10,PIT,28
2002,PIT,31,BAL,18
2002,DET,17,BUF,24
2002,TB,12,CAR,9
2002,TEN,30,CIN,24
2002,SS,17,DAL,14
2002,OAK,10,KC,20
2002,CHI,7,MIN,25
2002,ATL,37,NO,35
2002,CLE,24,NYJ,21
2002,ARI,28,SF,38
2002,HOU,21,JAX,19
2002,DEN,24,NE,16
2002,IND,21,WAS,26
2002,NYG,3,PHI,17
2002,BAL,17,ATL,20
2002,NE,38,BUF,7
2002,PHI,19,CHI,13
2002,PIT,23,CLE,20
2002,DAL,7,DET,9
2002,CIN,38,HOU,3
2002,TEN,23,IND,15
2002,MIN,24,TB,38
2002,NYJ,44,SD,13
2002,STL,27,ARI,14
2002,SF,23,OAK,20
2002,WAS,14,SS,3
2002,JAX,17,NYG,24
2002,MIA,10,GB,24
2002,CIN,27,BAL,38
2002,NO,34,CAR,24
2002,DET,14,GB,40
2002,NYG,27,MIN,20
2002,IND,35,PHI,13
2002,ATL,34,PIT,34
2002,SD,28,STL,24
2002,HOU,10,TEN,17
2002,SS,27,ARI,6
2002,WAS,7,JAX,26
2002,NE,33,CHI,30
2002,KC,13,SF,17
2002,MIA,10,NYJ,13
2002,OAK,34,DEN,10
2002,NO,17,ATL,24
2002,CLE,27,CIN,20
2002,DAL,3,IND,20
2002,BUF,16,KC,17
2002,BAL,7,MIA,26
2002,GB,21,MIN,31
2002,WAS,17,NYG,19
2002,ARI,14,PHI,38
2002,PIT,23,TEN,31
2002,SF,17,SD,20
2002,CAR,10,TB,23
2002,NYJ,31,DET,14
2002,JAX,24,HOU,21
2002,DEN,31,SS,9
2002,NE,20,OAK,27
2002,CHI,16,STL,21
2002,TEN,12,BAL,13
2002,ATL,41,CAR,0
2002,DET,17,CHI,20
2002,JAX,19,DAL,21
2002,SD,3,MIA,30
2002,MIN,17,NE,24
2002,CLE,24,NO,15
2002,BUF,13,NYJ,31
2002,CIN,21,PIT,29
2002,GB,7,TB,21
2002,OAK,41,ARI,20
2002,KC,32,SS,39
2002,NYG,14,HOU,16
2002,STL,17,WAS,20
2002,IND,23,DEN,20
2002,PHI,38,SF,17
2002,NE,20,DET,12
2002,WAS,20,DAL,27
2002,MIA,21,BUF,38
2002,BAL,27,CIN,23
2002,CAR,13,CLE,6
2002,CHI,20,GB,30
2002,PIT,25,JAX,23
2002,ARI,0,KC,49
2002,ATL,30,MIN,24
2002,TEN,32,NYG,29
2002,HOU,3,IND,19
2002,DEN,27,SD,30
2002,STL,3,PHI,10
2002,SS,24,SF,31
2002,TB,20,NO,23
2002,NYJ,20,OAK,26
2002,CIN,31,CAR,52
2002,SF,31,DAL,27
2002,CLE,21,JAX,20
2002,STL,10,KC,49
2002,BUF,17,NE,27
2002,HOU,24,PIT,6
2002,ATL,10,TB,34
2002,IND,17,TEN,27
2002,NYG,27,WAS,21
2002,DET,20,ARI,23
2002,NO,37,BAL,25
2002,PHI,27,SS,20
2002,DEN,13,NYJ,19
2002,OAK,27,SD,7
2002,MIN,22,GB,26
2002,CHI,9,MIA,27
2002,SS,30,ATL,24
2002,SD,13,BUF,20
2002,NYJ,13,CHI,20
2002,JAX,29,CIN,15
2002,IND,28,CLE,23
2002,TB,23,DET,20
2002,BAL,23,HOU,19
2002,OAK,17,MIA,23
2002,MIN,32,NO,31
2002,WAS,21,PHI,34
2002,CAR,14,PIT,30
2002,KC,24,DEN,31
2002,DAL,7,NYG,37
2002,GB,20,SF,14
2002,ARI,28,STL,30
2002,NE,7,TEN,24
2002,MIA,17,MIN,20
2002,SF,17,ARI,14
2002,PHI,27,DAL,3
2002,DET,15,ATL,36
2002,CHI,14,CAR,24
2002,NO,13,CIN,20
2002,BUF,0,GB,10
2002,NYG,44,IND,27
2002,TEN,28,JAX,10
2002,SD,22,KC,24
2002,HOU,10,WAS,26
2002,STL,10,SS,30
2002,CLE,14,BAL,13
2002,DEN,16,OAK,28
2002,NYJ,30,NE,17
2002,PIT,17,TB,7
2002,PHI,7,NYG,10
2002,KC,0,OAK,24
2002,CIN,9,BUF,27
2002,ATL,16,CLE,24
2002,MIN,38,DET,36
2002,TEN,13,HOU,3
2002,MIA,24,NE,27
2002,CAR,10,NO,6
2002,BAL,31,PIT,34
2002,DAL,14,WAS,20
2002,JAX,13,IND,20
2002,ARI,7,DEN,37
2002,GB,17,NYJ,42
2002,SS,31,SD,28
2002,TB,15,CHI,0
2002,SF,20,STL,31
2005,OAK,20,NE,30
2005,CHI,7,WAS,9
2005,CIN,27,CLE,13
2005,DEN,10,MIA,34
2005,HOU,7,BUF,22
2005,NO,23,CAR,20
2005,NYJ,7,KC,27
2005,SS,14,JAX,26
2005,TB,24,MIN,13
2005,TEN,7,PIT,34
2005,ARI,19,NYG,42
2005,DAL,28,SD,24
2005,GB,3,DET,17
2005,STL,25,SF,28
2005,IND,24,BAL,7
2005,PHI,10,ATL,14
2005,BAL,10,TEN,25
2005,BUF,3,TB,19
2005,DET,6,CHI,38
2005,JAX,3,IND,10
2005,MIN,8,CIN,38
2005,NE,17,CAR,27
2005,PIT,27,HOU,7
2005,SF,3,PHI,42
2005,ATL,18,SS,28
2005,STL,17,ARI,12
2005,CLE,26,GB,24
2005,MIA,7,NYJ,17
2005,SD,17,DEN,20
2005,KC,23,OAK,17
2005,NYG,27,NO,10
2005,WAS,14,DAL,13
2005,ATL,24,BUF,16
2005,CAR,24,MIA,27
2005,CIN,24,CHI,7
2005,CLE,6,IND,13
2005,JAX,26,NYJ,20
2005,NO,16,MIN,33
2005,OAK,20,PHI,23
2005,TB,17,GB,16
2005,TEN,27,STL,31
2005,ARI,12,SS,37
2005,DAL,34,SF,31
2005,NE,23,PIT,20
2005,NYG,23,SD,45
2005,KC,10,DEN,30
2005,BUF,7,NO,19
2005,DEN,20,JAX,7
2005,DET,13,TB,17
2005,HOU,10,CIN,16
2005,IND,31,TEN,10
2005,PHI,37,KC,31
2005,SD,41,NE,17
2005,SS,17,WAS,20
2005,STL,24,NYG,44
2005,NYJ,3,BAL,13
2005,DAL,13,OAK,19
2005,MIN,10,ATL,30
2005,SF,14,ARI,31
2005,GB,29,CAR,32
2005,BAL,17,DET,35
2005,CHI,10,CLE,20
2005,MIA,14,BUF,20
2005,NE,31,ATL,28
2005,NO,3,GB,52
2005,SS,37,STL,31
2005,TB,12,NYJ,14
2005,TEN,34,HOU,20
2005,IND,28,SF,3
2005,CAR,24,ARI,20
2005,PHI,10,DAL,33
2005,WAS,19,DEN,21
2005,CIN,20,JAX,23
2005,PIT,24,SD,22
2005,ATL,34,NO,31
2005,CAR,21,DET,20
2005,CIN,31,TEN,23
2005,CLE,3,BAL,16
2005,JAX,23,PIT,17
2005,MIA,13,TB,27
2005,MIN,3,CHI,28
2005,NYG,13,DAL,16
2005,WAS,21,KC,28
2005,NE,20,DEN,28
2005,NYJ,17,BUF,27
2005,SD,27,OAK,14
2005,HOU,10,SS,42
2005,STL,28,IND,45
2005,KC,30,MIA,20
2005,DET,13,CLE,10
2005,GB,20,MIN,23
2005,IND,38,HOU,20
2005,NO,17,STL,28
2005,PIT,27,CIN,13
2005,SD,17,PHI,20
2005,SF,17,WAS,52
2005,DAL,10,SS,13
2005,BAL,6,CHI,10
2005,BUF,17,OAK,38
2005,DEN,23,NYG,24
2005,TEN,10,ARI,20
2005,NYJ,14,ATL,27
2005,ARI,13,DAL,34
2005,CHI,19,DET,13
2005,CLE,16,HOU,19
2005,GB,14,CIN,21
2005,JAX,21,STL,24
2005,MIA,21,NO,6
2005,MIN,13,CAR,38
2005,OAK,34,TEN,25
2005,WAS,0,NYG,36
2005,KC,20,SD,28
2005,PHI,21,DEN,49
2005,TB,10,SF,15
2005,BUF,16,NE,21
2005,BAL,19,PIT,20
2005,ATL,17,MIA,10
2005,CAR,34,TB,14
2005,CHI,20,NO,17
2005,CIN,21,BAL,9
2005,DET,14,MIN,27
2005,HOU,14,JAX,21
2005,OAK,23,KC,27
2005,SD,31,NYJ,26
2005,TEN,14,CLE,20
2005,NYG,24,SF,6
2005,SS,23,ARI,19
2005,PIT,20,GB,10
2005,PHI,10,WAS,17
2005,IND,40,NE,21
2005,ARI,21,DET,29
2005,BAL,3,JAX,30
2005,HOU,17,IND,31
2005,KC,3,BUF,14
2005,MIN,24,NYG,21
2005,NE,23,MIA,16
2005,SF,9,CHI,17
2005,WAS,35,TB,36
2005,DEN,31,OAK,17
2005,NYJ,3,CAR,30
2005,GB,33,ATL,25
2005,STL,16,SS,31
2005,CLE,21,PIT,34
2005,DAL,21,PHI,20
2005,ARI,38,STL,28
2005,CAR,3,CHI,13
2005,DET,7,DAL,20
2005,IND,45,CIN,37
2005,JAX,31,TEN,28
2005,MIA,0,CLE,22
2005,NO,17,NE,24
2005,OAK,16,WAS,13
2005,PHI,17,NYG,27
2005,TB,30,ATL,27
2005,SS,27,SF,25
2005,BUF,10,SD,48
2005,NYJ,0,DEN,27
2005,PIT,13,BAL,16
2005,KC,45,HOU,17
2005,MIN,20,GB,17
2005,ATL,27,DET,7
2005,DEN,24,DAL,21
2005,BAL,29,CIN,42
2005,CAR,13,BUF,9
2005,CHI,13,TB,10
2005,CLE,12,MIN,24
2005,NE,16,KC,26
2005,SD,23,WAS,17
2005,SF,22,TEN,33
2005,STL,33,HOU,27
2005,JAX,24,ARI,17
2005,MIA,33,OAK,21
2005,GB,14,PHI,19
2005,NYG,21,SS,24
2005,NO,21,NYJ,19
2005,PIT,7,IND,26
2005,ATL,6,CAR,24
2005,BUF,23,MIA,24
2005,CIN,38,PIT,31
2005,DAL,10,NYG,17
2005,GB,7,CHI,19
2005,HOU,15,BAL,16
2005,JAX,20,CLE,14
2005,MIN,21,DET,16
2005,TB,10,NO,3
2005,TEN,3,IND,39
2005,ARI,17,SF,10
2005,WAS,24,STL,9
2005,DEN,27,KC,31
2005,NYJ,3,NE,16
2005,OAK,10,SD,34
2005,SS,42,PHI,0
2005,CHI,9,PIT,21
2005,CLE,20,CIN,23
2005,HOU,10,TEN,13
2005,IND,26,JAX,18
2005,NE,35,BUF,7
2005,OAK,10,NYJ,26
2005,STL,13,MIN,27
2005,TB,20,CAR,10
2005,NYG,26,PHI,23
2005,SF,3,SS,41
2005,WAS,17,ARI,13
2005,BAL,10,DEN,12
2005,KC,28,DAL,31
2005,MIA,23,SD,21
2005,DET,13,GB,16
2005,NO,17,ATL,36
2005,TB,0,NE,28
2005,KC,17,NYG,27
2005,DEN,28,BUF,17
2005,ARI,19,HOU,30
2005,CAR,27,NO,10
2005,DAL,7,WAS,35
2005,NYJ,20,MIA,24
2005,PIT,18,MIN,3
2005,SD,26,IND,17
2005,SS,28,TEN,17
2005,SF,9,JAX,10
2005,CIN,41,DET,17
2005,CLE,9,OAK,7
2005,PHI,17,STL,16
2005,ATL,3,CHI,16
2005,GB,3,BAL,48
2005,ATL,24,TB,27
2005,BUF,27,CIN,27
2005,DAL,24,CAR,20
2005,DET,13,NO,12
2005,JAX,38,HOU,20
2005,NYG,20,WAS,35
2005,PIT,41,CLE,0
2005,SD,7,KC,20
2005,SF,24,STL,20
2005,TEN,10,MIA,24
2005,PHI,21,ARI,27
2005,IND,13,SS,28
2005,OAK,3,DEN,22
2005,CHI,24,GB,17
2005,MIN,23,BAL,30
2005,NE,31,NYJ,21
2005,DEN,23,SD,7
2005,NYG,30,OAK,21
2005,ARI,13,IND,17
2005,BAL,16,CLE,20
2005,BUF,26,NYJ,30
2005,CAR,44,ATL,11
2005,CHI,10,MIN,34
2005,CIN,3,KC,37
2005,DET,21,PIT,35
2005,MIA,28,NE,26
2005,NO,13,TB,27
2005,HOU,17,SF,20
2005,TEN,13,JAX,40
2005,SS,17,GB,23
2005,WAS,31,PHI,20
2005,STL,20,DAL,10
2007,ARI,17,SF,20
2007,ARI,23,BAL,26
2007,ARI,34,STL,31
2007,ARI,19,WAS,21
2007,ARI,10,TB,17
2007,ARI,35,CIN,27
2007,ATL,3,MIN,24
2007,ATL,7,JAX,13
2007,ATL,13,TEN,20
2007,ATL,16,NO,22
2007,ATL,20,CAR,13
2007,BAL,20,CIN,27
2007,BAL,13,CLE,27
2007,BAL,9,SF,7
2007,BAL,14,BUF,19
2007,BAL,7,PIT,38
2007,BUF,3,PIT,26
2007,BUF,7,NE,38
2007,BUF,13,NYJ,3
2007,BUF,13,MIA,10
2007,CAR,27,STL,13
2007,CAR,27,ATL,20
2007,CAR,16,NO,13
2007,CAR,25,ARI,10
2007,CAR,7,TEN,20
2007,CAR,17,GB,31
2007,CHI,3,SD,14
2007,CHI,27,DET,37
2007,CHI,27,GB,20
2007,CHI,19,PHI,16
2007,CHI,17,OAK,6
2007,CHI,23,SS,30
2007,CIN,45,CLE,51
2007,CIN,21,SS,24
2007,CIN,20,KC,27
2007,CIN,21,BUF,33
2007,CIN,21,BAL,7
2007,CLE,24,OAK,26
2007,CLE,17,NE,34
2007,CLE,27,STL,20
2007,CLE,28,PIT,31
2007,CLE,33,BAL,30
2007,DAL,37,MIA,20
2007,DAL,34,CHI,10
2007,DAL,25,BUF,24
2007,DAL,38,PHI,17
2007,DAL,31,NYG,20
2007,DEN,15,BUF,14
2007,DEN,20,IND,38
2007,DEN,7,DET,44
2007,DEN,21,KC,11
2007,DET,36,OAK,21
2007,DET,21,PHI,56
2007,DET,3,WAS,34
2007,DET,16,CHI,7
2007,DET,21,ARI,31
2007,GB,35,NYG,13
2007,GB,23,MIN,16
2007,GB,19,DEN,13
2007,GB,33,KC,22
2007,HOU,34,CAR,21
2007,HOU,16,ATL,26
2007,HOU,17,JAX,37
2007,HOU,10,SD,35
2007,HOU,24,OAK,17
2007,IND,22,TEN,20
2007,IND,30,HOU,24
2007,IND,29,JAX,7
2007,IND,31,CAR,7
2007,IND,21,SD,23
2007,JAX,23,DEN,14
2007,JAX,17,KC,7
2007,JAX,24,TB,23
2007,JAX,24,NO,41
2007,JAX,28,TEN,13
2007,KC,3,HOU,20
2007,KC,10,CHI,20
2007,KC,30,SD,16
2007,KC,12,OAK,10
2007,KC,10,IND,13
2007,MIA,13,WAS,16
2007,MIA,28,NYJ,31
2007,MIA,19,HOU,22
2007,MIA,31,CLE,41
2007,MIA,7,PHI,17
2007,MIN,17,DET,20
2007,MIN,10,KC,13
2007,MIN,34,CHI,31
2007,MIN,14,DAL,24
2007,MIN,0,GB,34
2007,NE,38,NYJ,14
2007,NE,34,CIN,13
2007,NE,48,DAL,27
2007,NE,49,MIA,28
2007,NE,24,IND,20
2007,NE,56,BUF,10
2007,NO,10,IND,41
2007,NO,14,TB,31
2007,NO,28,SS,17
2007,NO,31,SF,10
2007,NO,10,HOU,23
2007,NYG,35,DAL,45
2007,NYG,24,WAS,17
2007,NYG,31,ATL,10
2007,NYG,13,MIA,10
2007,NYG,16,DET,10
2007,NYJ,13,BAL,20
2007,NYJ,14,BUF,17
2007,NYJ,24,NYG,35
2007,NYJ,31,CIN,38
2007,OAK,20,DEN,23
2007,OAK,35,MIA,17
2007,OAK,14,SD,28
2007,OAK,9,TEN,13
2007,OAK,22,MIN,29
2007,PHI,13,GB,16
2007,PHI,3,NYG,16
2007,PHI,16,NYJ,9
2007,PHI,23,MIN,16
2007,PHI,33,WAS,25
2007,PIT,34,CLE,7
2007,PIT,14,ARI,21
2007,PIT,28,DEN,31
2007,PIT,24,CIN,13
2007,PIT,16,NYJ,19
2007,SD,14,NE,38
2007,SD,24,GB,31
2007,SD,41,DEN,3
2007,SD,17,MIN,35
2007,SD,17,JAX,24
2007,SF,17,STL,16
2007,SF,16,PIT,37
2007,SF,15,NYG,33
2007,SF,16,ATL,20
2007,SF,0,SS,24
2007,SS,20,ARI,23
2007,SS,23,SF,3
2007,SS,0,PIT,21
2007,SS,30,CLE,33
2007,STL,3,TB,24
2007,STL,7,DAL,35
2007,STL,3,BAL,22
2007,STL,6,SS,33
2007,STL,37,NO,29
2007,STL,13,SF,9
2007,TB,6,SS,20
2007,TB,20,CAR,7
2007,TB,14,IND,33
2007,TB,16,DET,23
2007,TB,31,ATL,7
2007,TEN,13,JAX,10
2007,TEN,31,NO,14
2007,TEN,10,TB,13
2007,TEN,38,HOU,36
2007,TEN,20,DEN,34
2007,WAS,20,PHI,12
2007,WAS,14,GB,17
2007,WAS,7,NE,52
2007,WAS,23,NYJ,20
2007,WAS,23,DAL,28
2007,ARI,21,SS,42
2007,ARI,24,NO,31
2007,ATL,16,STL,28
2007,ATL,3,TB,37
2007,ATL,27,ARI,30
2007,BAL,14,SD,32
2007,BAL,16,MIA,22
2007,BAL,6,SS,27
2007,BUF,14,JAX,36
2007,BUF,17,WAS,16
2007,BUF,0,CLE,8
2007,BUF,9,PHI,17
2007,CAR,6,JAX,37
2007,CAR,31,TB,23
2007,CHI,16,WAS,24
2007,CHI,13,MIN,20
2007,CIN,10,PIT,24
2007,CIN,13,SF,20
2007,CIN,38,MIA,25
2007,CLE,21,ARI,27
2007,CLE,24,NYJ,18
2007,CLE,14,CIN,19
2007,DAL,28,DET,27
2007,DAL,20,CAR,13
2007,DAL,6,WAS,27
2007,DEN,34,CHI,37
2007,DEN,20,OAK,34
2007,DEN,13,HOU,31
2007,DEN,3,SD,23
2007,DET,10,MIN,42
2007,DET,14,SD,51
2007,DET,13,GB,34
2007,GB,37,DET,26
2007,GB,27,DAL,37
2007,GB,33,STL,14
2007,GB,7,CHI,35
2007,HOU,17,CLE,27
2007,HOU,20,TEN,28
2007,HOU,15,IND,38
2007,IND,31,ATL,13
2007,IND,44,BAL,20
2007,IND,21,OAK,14
2007,JAX,25,IND,28
2007,JAX,29,PIT,22
2007,JAX,28,HOU,42
2007,KC,7,DEN,41
2007,KC,20,DET,25
2007,KC,10,NYJ,13
2007,MIA,0,PIT,3
2007,MIA,17,BUF,38
2007,MIA,7,NE,28
2007,MIN,41,NYG,17
2007,MIN,27,SF,7
2007,MIN,19,DEN,22
2007,NE,27,BAL,24
2007,NE,38,NYG,35
2007,NO,31,CAR,6
2007,NO,34,ATL,14
2007,NO,25,CHI,33
2007,NYG,21,CHI,16
2007,NYG,16,PHI,13
2007,NYG,38,BUF,21
2007,NYJ,3,DAL,34
2007,NYJ,40,MIA,13
2007,NYJ,10,NE,20
2007,NYJ,6,TEN,10
2007,OAK,20,KC,17
2007,OAK,7,GB,38
2007,OAK,11,JAX,49
2007,PHI,28,NE,31
2007,PHI,10,DAL,6
2007,PHI,38,NO,23
2007,PIT,13,NE,34
2007,PIT,41,STL,24
2007,PIT,21,BAL,27
2007,SD,24,KC,10
2007,SD,23,TEN,17
2007,SD,30,OAK,17
2007,SF,37,ARI,31
2007,SF,14,CAR,31
2007,SF,7,CLE,20
2007,SS,24,STL,19
2007,SS,28,PHI,24
2007,SS,10,CAR,13
2007,SS,41,ATL,44
2007,STL,10,CIN,19
2007,STL,19,ARI,48
2007,TB,27,NO,23
2007,TB,14,HOU,28
2007,TB,19,SF,21
2007,TEN,6,CIN,35
2007,TEN,26,KC,17
2007,TEN,16,IND,10
2007,WAS,13,TB,19
2007,WAS,22,NYG,10
2007,WAS,32,MIN,21
2007,GB,42,SS,20
2007,JAX,31,PIT,29
2007,NE,31,JAX,20
2007,NE,21,SD,12
2007,NYG,24,TB,14
2007,NYG,21,DAL,17
2007,NYG,23,GB,20
2007,NYG,17,NE,14
2007,SD,17,TEN,6
2007,SD,28,IND,24
2007,SS,35,WAS,14
